x,y,z
0.0999963,0.69999,0.399989
0.0999966,0.69999,0.399989
0.0999982,0.69999,0.399988
0.100003,0.69999,0.399985
0.100011,0.699989,0.39998
0.100025,0.699987,0.399972
0.100046,0.699985,0.39996
0.100075,0.699981,0.399943
0.100113,0.699976,0.39992
0.100162,0.699971,0.399892
0.100222,0.699963,0.399856
0.100295,0.699955,0.399813
0.100382,0.699944,0.399762
0.100485,0.699932,0.399702
0.100603,0.699917,0.399632
0.100739,0.699901,0.399552
0.100893,0.699882,0.399462
0.101066,0.699861,0.39936
0.10126,0.699837,0.399247
0.101475,0.699811,0.399121
0.101712,0.699782,0.398982
0.101973,0.69975,0.398829
0.102257,0.699714,0.398663
0.102567,0.699676,0.398482
0.102902,0.699634,0.398287
0.103264,0.699588,0.398076
0.103654,0.699539,0.397849
0.104072,0.699486,0.397606
0.104519,0.699428,0.397346
0.104996,0.699367,0.397069
0.105504,0.699301,0.396776
0.106043,0.69923,0.396464
0.106614,0.699155,0.396134
0.107218,0.699074,0.395786
0.107855,0.698988,0.39542
0.108527,0.698897,0.395034
0.109233,0.6988,0.394629
0.109975,0.698697,0.394205
0.110754,0.698588,0.393762
0.111568,0.698473,0.393298
0.11242,0.698351,0.392815
0.11331,0.698222,0.392311
0.114239,0.698086,0.391787
0.115206,0.697942,0.391243
0.116213,0.697791,0.390678
0.11726,0.697631,0.390092
0.118348,0.697463,0.389485
0.119476,0.697287,0.388858
0.120646,0.697101,0.38821
0.121859,0.696906,0.38754
0.123113,0.696701,0.38685
0.124411,0.696486,0.386139
0.125751,0.696261,0.385408
0.127136,0.696024,0.384655
0.128564,0.695776,0.383881
0.130038,0.695517,0.383087
0.131556,0.695245,0.382273
0.133119,0.694961,0.381437
0.134727,0.694663,0.380582
0.136382,0.694352,0.379706
0.138083,0.694027,0.37881
0.13983,0.693688,0.377894
0.141624,0.693333,0.376958
0.143465,0.692963,0.376003
0.145353,0.692577,0.375029
0.147289,0.692175,0.374036
0.149272,0.691755,0.373024
0.151304,0.691317,0.371994
0.153383,0.690862,0.370945
0.155511,0.690387,0.369879
0.157687,0.689893,0.368795
0.159911,0.689379,0.367694
0.162184,0.688845,0.366576
0.164505,0.688289,0.365442
0.166876,0.687711,0.364292
0.169295,0.687111,0.363126
0.171763,0.686488,0.361945
0.174279,0.685841,0.360749
0.176845,0.685169,0.359538
0.179459,0.684472,0.358314
0.182122,0.68375,0.357076
0.184833,0.683001,0.355826
0.187593,0.682225,0.354563
0.190401,0.681421,0.353288
0.193257,0.680588,0.352002
0.196162,0.679726,0.350705
0.199114,0.678835,0.349397
0.202113,0.677912,0.34808
0.20516,0.676958,0.346753
0.208254,0.675973,0.345418
0.211395,0.674954,0.344075
0.214582,0.673902,0.342724
0.217814,0.672816,0.341367
0.221093,0.671695,0.340003
0.224417,0.670538,0.338634
0.227785,0.669345,0.33726
0.231198,0.668115,0.335881
0.234655,0.666847,0.334499
0.238154,0.665541,0.333114
0.241697,0.664195,0.331726
0.245281,0.66281,0.330336
0.248907,0.661385,0.328946
0.252574,0.659918,0.327555
0.256281,0.65841,0.326164
0.260028,0.65686,0.324774
0.263813,0.655266,0.323386
0.267637,0.653629,0.322
0.271497,0.651948,0.320617
0.275394,0.650221,0.319238
0.279326,0.64845,0.317862
0.283294,0.646632,0.316492
0.287294,0.644768,0.315128
0.291328,0.642858,0.31377
0.295394,0.640899,0.312419
0.29949,0.638893,0.311075
0.303617,0.636838,0.30974
0.307772,0.634735,0.308414
0.311956,0.632582,0.307098
0.316165,0.630379,0.305792
0.320401,0.628127,0.304497
0.324661,0.625824,0.303213
0.328945,0.62347,0.301942
0.33325,0.621065,0.300683
0.337577,0.618609,0.299438
0.341923,0.616102,0.298207
0.346288,0.613543,0.296991
0.35067,0.610932,0.29579
0.355069,0.608269,0.294605
0.359481,0.605554,0.293436
0.363908,0.602786,0.292284
0.368346,0.599967,0.291149
0.372795,0.597095,0.290033
0.377253,0.594171,0.288935
0.38172,0.591195,0.287856
0.386192,0.588167,0.286797
0.390671,0.585086,0.285757
0.395152,0.581954,0.284738
0.399637,0.578771,0.28374
0.404122,0.575535,0.282764
0.408607,0.572249,0.281808
0.41309,0.568913,0.280876
0.41757,0.565525,0.279965
0.422044,0.562088,0.279077
0.426513,0.558601,0.278213
0.430974,0.555065,0.277372
0.435426,0.55148,0.276555
0.439868,0.547847,0.275762
0.444298,0.544167,0.274993
0.448714,0.54044,0.274249
0.453116,0.536667,0.27353
0.457502,0.532848,0.272836
0.46187,0.528984,0.272167
0.466219,0.525077,0.271523
0.470548,0.521126,0.270905
0.474856,0.517133,0.270312
0.47914,0.513098,0.269746
0.483401,0.509023,0.269205
0.487636,0.504908,0.26869
0.491843,0.500755,0.268201
0.496023,0.496564,0.267738
0.500174,0.492337,0.267301
0.504294,0.488074,0.26689
0.508382,0.483777,0.266505
0.512437,0.479447,0.266146
0.516458,0.475085,0.265813
0.520444,0.470692,0.265505
0.524394,0.46627,0.265223
0.528307,0.46182,0.264967
0.532181,0.457343,0.264736
0.536016,0.452841,0.264529
0.53981,0.448314,0.264348
0.543563,0.443765,0.264192
0.547274,0.439195,0.26406
0.550943,0.434604,0.263952
0.554567,0.429995,0.263869
0.558147,0.425369,0.263809
0.561681,0.420728,0.263772
0.56517,0.416073,0.263759
0.568611,0.411405,0.263768
0.572005,0.406727,0.2638
0.575352,0.402039,0.263853
0.57865,0.397343,0.263929
0.581898,0.392641,0.264025
0.585097,0.387935,0.264143
0.588247,0.383225,0.264281
0.591346,0.378514,0.264439
0.594394,0.373804,0.264617
0.597391,0.369095,0.264814
0.600337,0.364389,0.265029
0.603231,0.359689,0.265263
0.606073,0.354995,0.265514
0.608864,0.35031,0.265782
0.611602,0.345634,0.266067
0.614288,0.34097,0.266369
0.616922,0.336319,0.266686
0.619504,0.331682,0.267018
0.622034,0.327062,0.267365
0.624512,0.322459,0.267725
0.626937,0.317876,0.2681
0.629311,0.313314,0.268487
0.631633,0.308774,0.268886
0.633904,0.304259,0.269298
0.636123,0.299769,0.26972
0.638291,0.295305,0.270154
0.640409,0.290871,0.270597
0.642477,0.286466,0.27105
0.644494,0.282092,0.271512
0.646462,0.277751,0.271982
0.648381,0.273445,0.272461
0.650251,0.269173,0.272946
0.652073,0.264939,0.273438
0.653847,0.260743,0.273937
0.655575,0.256586,0.274441
0.657255,0.25247,0.27495
0.65889,0.248395,0.275463
0.660479,0.244364,0.275981
0.662023,0.240377,0.276501
0.663523,0.236436,0.277025
0.664979,0.232541,0.277551
0.666393,0.228693,0.278078
0.667764,0.224894,0.278607
0.669094,0.221145,0.279137
0.670383,0.217447,0.279667
0.671632,0.2138,0.280196
0.672842,0.210205,0.280725
0.674012,0.206664,0.281253
0.675145,0.203177,0.281779
0.676241,0.199745,0.282302
0.677301,0.196368,0.282823
0.678325,0.193048,0.283341
0.679314,0.189785,0.283856
0.680269,0.18658,0.284366
0.68119,0.183433,0.284873
0.682079,0.180346,0.285374
0.682936,0.177317,0.285871
0.683762,0.174349,0.286362
0.684558,0.171441,0.286847
0.685324,0.168594,0.287326
0.686062,0.165808,0.287798
0.686771,0.163083,0.288264
0.687453,0.160421,0.288722
0.688109,0.15782,0.289173
0.688738,0.155282,0.289616
0.689343,0.152806,0.290052
0.689923,0.150392,0.290479
0.69048,0.148042,0.290897
0.691013,0.145753,0.291307
0.691524,0.143528,0.291708
0.692013,0.141365,0.2921
0.692482,0.139265,0.292482
0.69293,0.137228,0.292856
0.693358,0.135252,0.293219
0.693767,0.133339,0.293573
0.694157,0.131487,0.293917
0.69453,0.129697,0.294251
0.694885,0.127969,0.294575
0.695223,0.126301,0.294888
0.695545,0.124693,0.295192
0.695851,0.123146,0.295485
0.696142,0.121658,0.295769
0.696419,0.120229,0.296041
0.696681,0.118858,0.296304
0.696929,0.117545,0.296556
0.697165,0.116289,0.296798
0.697387,0.11509,0.29703
0.697597,0.113946,0.297251
0.697795,0.112857,0.297463
0.697982,0.111822,0.297665
0.698158,0.11084,0.297856
0.698322,0.10991,0.298038
0.698477,0.109032,0.29821
0.698622,0.108204,0.298373
0.698757,0.107425,0.298526
0.698883,0.106694,0.29867
0.699,0.10601,0.298805
0.699109,0.105373,0.298931
0.699209,0.104779,0.299048
0.699302,0.104229,0.299157
0.699387,0.103721,0.299258
0.699465,0.103254,0.299351
0.699536,0.102826,0.299436
0.699601,0.102436,0.299514
0.699659,0.102082,0.299584
0.699712,0.101764,0.299647
0.699759,0.101478,0.299704
0.6998,0.101224,0.299755
0.699837,0.101001,0.2998
0.699869,0.100806,0.299839
0.699896,0.100637,0.299872
0.69992,0.100493,0.299901
0.699939,0.100373,0.299925
0.699955,0.100273,0.299945
0.699968,0.100193,0.299961
0.699978,0.10013,0.299974
0.699986,0.100083,0.299983
0.699992,0.100048,0.29999
0.699995,0.100025,0.299995
0.699998,0.100011,0.299997
0.699999,0.100004,0.299999
0.699999,0.100001,0.299999
0.699999,0.100001,0.299999
0.699999,0.100001,0.299999
0.699999,0.100001,0.299999
0.699999,0.100001,0.299999
0.699999,0.100001,0.299999
0.699999,0.100001,0.299999
0.699999,0.100001,0.299999
0.699999,0.100001,0.299999
0.699999,0.100001,0.299999
0.699999,0.100001,0.299999
0.699999,0.100001,0.299999
0.699999,0.100001,0.299999
0.699999,0.100001,0.299999
0.699999,0.100001,0.299999
0.699999,0.100001,0.299999
0.699999,0.100001,0.299999
0.699999,0.100001,0.299999
0.699999,0.100001,0.299999
0.699999,0.100001,0.299999
0.699999,0.100001,0.299999
0.699999,0.100001,0.299999
0.699999,0.100001,0.299999
0.699999,0.100001,0.299999
0.699999,0.100001,0.299999
0.699999,0.100001,0.299999
0.699999,0.100001,0.299999
0.699999,0.100001,0.299999
0.699999,0.100001,0.299999
0.699999,0.100001,0.299999
0.699999,0.100001,0.299999
0.699999,0.100001,0.299999
0.699999,0.100001,0.299999
0.699999,0.100001,0.299999
0.699999,0.100001,0.299999
0.699999,0.100001,0.299999
0.699999,0.100001,0.299999
0.699999,0.100001,0.299999
0.699999,0.100001,0.299999
0.699999,0.100001,0.299999
0.699999,0.100001,0.299999
0.699999,0.100001,0.299999
0.699999,0.100001,0.299999
0.699999,0.100001,0.299999
0.699999,0.100001,0.299999
0.699999,0.100001,0.299999
0.699999,0.100001,0.299999
0.699999,0.100001,0.299999
0.699999,0.100001,0.299999
0.699999,0.100001,0.299999
0.699999,0.100001,0.299999
0.699999,0.100001,0.299999
0.699999,0.100001,0.299999
0.699999,0.100001,0.299999
0.699999,0.100001,0.299999
0.699999,0.100001,0.299999
0.699999,0.100001,0.299999
0.699999,0.100001,0.299999
0.699999,0.100001,0.299999
0.699999,0.100001,0.299999
0.699999,0.100001,0.299999
0.699999,0.100001,0.299999
0.699999,0.100001,0.299999
0.699999,0.100001,0.299999
0.699999,0.100001,0.299999
0.699999,0.100001,0.299999
0.699999,0.100001,0.299999
0.699999,0.100001,0.299999
0.699999,0.100001,0.299999
0.699999,0.100001,0.299999
0.699999,0.100001,0.299999
0.699999,0.100001,0.299999
0.699999,0.100001,0.299999
0.699999,0.100001,0.299999
0.699999,0.100001,0.299999
0.699999,0.100001,0.299999
0.699999,0.100001,0.299999
0.699999,0.100001,0.299999
0.699999,0.100001,0.299999
0.699999,0.100001,0.299999
0.699999,0.100001,0.299999
0.699999,0.100001,0.299999
0.699999,0.100001,0.299999
0.699999,0.100001,0.299999
0.699999,0.100001,0.299999
0.699999,0.100001,0.299999
0.699999,0.100001,0.299999
0.699999,0.100001,0.299999
0.699999,0.100001,0.299999
0.699999,0.100001,0.299999
0.699999,0.100001,0.299999
0.699999,0.100001,0.299999
0.699999,0.100001,0.299999
0.699999,0.100001,0.299999
0.699999,0.100001,0.299999
0.699999,0.100001,0.299999
0.699999,0.100001,0.299999
0.699999,0.100001,0.299999
0.699999,0.100001,0.299999
0.699999,0.100001,0.299999
0.699999,0.100001,0.299999
0.699999,0.100001,0.299999
0.699999,0.100001,0.299999
0.699999,0.100001,0.299999
0.699999,0.100001,0.299999
0.699999,0.100001,0.299999
0.699999,0.100001,0.299999
0.699999,0.100001,0.299999
0.699999,0.100001,0.299999
0.699999,0.100001,0.299999
0.699999,0.100001,0.299999
0.699999,0.100001,0.299999
0.699999,0.100001,0.299999
0.699999,0.100001,0.299999
0.699999,0.100001,0.299999
0.699999,0.100001,0.299999
0.699999,0.100001,0.299999
0.699999,0.100001,0.299999
0.699999,0.100001,0.299999
0.699999,0.100001,0.299999
0.699999,0.100001,0.299999
0.699999,0.100001,0.299999
0.699999,0.100001,0.299999
0.699999,0.100001,0.299999
0.699999,0.100001,0.299999
0.699999,0.100001,0.299999
0.699999,0.100001,0.299999
0.699999,0.100001,0.299999
0.699999,0.100001,0.299999
0.699999,0.100001,0.299999
0.699999,0.100001,0.299999
0.699999,0.100001,0.299999
0.699999,0.100001,0.299999
0.699999,0.100001,0.299999
0.699999,0.100001,0.299999
0.699999,0.100001,0.299999
0.699999,0.100001,0.299999
0.699999,0.100001,0.299999
0.699999,0.100001,0.299999
0.699999,0.100001,0.299999
0.699999,0.100001,0.299999
0.699999,0.100001,0.299999
0.699999,0.100001,0.299999
0.699999,0.100001,0.299999
0.699999,0.100001,0.299999
0.699999,0.100001,0.299999
0.699999,0.100001,0.299999
0.699999,0.100001,0.299999
0.699999,0.100001,0.299999
0.699999,0.100001,0.299999
0.699999,0.100001,0.299999
0.699999,0.100001,0.299999
0.699999,0.100001,0.299999
0.699999,0.100001,0.299999
0.699999,0.100001,0.299999
0.699999,0.100001,0.299999
0.699999,0.100001,0.299999
0.699999,0.100001,0.299999
0.699999,0.100001,0.299999
0.699999,0.100001,0.299999
0.699999,0.100001,0.299999
0.699999,0.100001,0.299999
0.699999,0.100001,0.299999
0.699999,0.100001,0.299999
0.699999,0.100001,0.299999
0.699999,0.100001,0.299999
0.699999,0.100001,0.299999
0.699999,0.100001,0.299999
0.699999,0.100001,0.299999
0.699999,0.100001,0.299999
0.699999,0.100001,0.299999
0.699999,0.100001,0.299999
0.699999,0.100001,0.299999
0.699999,0.100001,0.299999
0.699999,0.100001,0.299999
0.699999,0.100001,0.299999
0.699999,0.100001,0.299999
0.699999,0.100001,0.299999
0.699999,0.100001,0.299999
0.699999,0.100001,0.299999
0.699999,0.100001,0.299999
0.699999,0.100001,0.299999
0.699999,0.100001,0.299999
0.699999,0.100001,0.299999
0.699999,0.100001,0.299999
0.699999,0.100001,0.299999
0.699999,0.100001,0.299999
0.699999,0.100001,0.299999
0.699999,0.100001,0.299999
0.699999,0.100001,0.299999
0.699999,0.100001,0.299999
0.699999,0.100001,0.299999
0.699999,0.100001,0.299999
0.699999,0.100001,0.299999
0.699999,0.100001,0.299999
0.699999,0.100001,0.299999
0.699999,0.100001,0.299999
0.699999,0.100001,0.299999
0.699999,0.100001,0.299999
0.699999,0.100001,0.299999
0.699999,0.100001,0.299999
0.699999,0.100001,0.299999
0.699999,0.100001,0.299999
0.699999,0.100001,0.299999
0.699999,0.100001,0.299999
0.699999,0.100001,0.299999
0.699999,0.100001,0.299999
0.699999,0.100001,0.299999
0.699999,0.100001,0.299999
0.699999,0.100001,0.299999
0.699999,0.100001,0.299999
0.699999,0.100001,0.299999
0.699999,0.100001,0.299999
0.699999,0.100001,0.299999
0.699999,0.100001,0.299999
0.699999,0.100001,0.299999
0.699999,0.100001,0.299999
0.699999,0.100001,0.299999
0.699999,0.100001,0.299999
0.699999,0.100001,0.299999
0.699999,0.100001,0.299999
0.699999,0.100001,0.299999
0.699999,0.100001,0.299999
0.699999,0.100001,0.299999
0.699999,0.100001,0.299999
0.699999,0.100001,0.299999
0.699999,0.100001,0.299999
0.699999,0.100001,0.299999
0.699999,0.100001,0.299999
0.699999,0.100001,0.299999
0.699999,0.100001,0.299999
0.699999,0.100001,0.299999
0.699999,0.100001,0.299999
0.699999,0.100001,0.299999
0.699999,0.100001,0.299999
0.699999,0.100001,0.299999
0.699999,0.100001,0.299999
0.699999,0.100001,0.299999
0.699999,0.100001,0.299999
0.699999,0.100001,0.299999
0.699999,0.100001,0.299999
0.699999,0.100001,0.299999
0.699999,0.100001,0.299999
0.699999,0.100001,0.299999
0.699999,0.100001,0.299999
0.699999,0.100001,0.299999
0.699999,0.100001,0.299999
0.699999,0.100001,0.299999
0.699999,0.100001,0.299999
0.699999,0.100001,0.299999
0.699999,0.100001,0.299999
0.699999,0.100001,0.299999
0.699999,0.100001,0.299999
0.699999,0.100001,0.299999
0.699999,0.100001,0.299999
0.699999,0.100001,0.299999
0.699999,0.100001,0.299999
0.699999,0.100001,0.299999
0.699999,0.100001,0.299999
0.699999,0.100001,0.299999
0.699999,0.100001,0.299999
0.699999,0.100001,0.299999
0.699999,0.100001,0.299999
0.699999,0.100001,0.299999
0.699999,0.100001,0.299999
0.699999,0.100001,0.299999
0.699999,0.100001,0.299999
0.699999,0.100001,0.299999
0.699999,0.100001,0.299999
0.699999,0.100001,0.299999
0.699999,0.100001,0.299999
0.699999,0.100001,0.299999
0.699999,0.100001,0.299999
0.699999,0.100001,0.299999
0.699999,0.100001,0.299999
0.699999,0.100001,0.299999
0.699999,0.100001,0.299999
0.699999,0.100001,0.299999
0.699999,0.100001,0.299999
0.699999,0.100001,0.299999
0.699999,0.100001,0.299999
0.699999,0.100001,0.299999
0.699999,0.100001,0.299999
0.699999,0.100001,0.299999
0.699999,0.100001,0.299999
0.699999,0.100001,0.299999
0.699999,0.100001,0.299999
0.699999,0.100001,0.299999
0.699999,0.100001,0.299999
0.699999,0.100001,0.299999
0.699999,0.100001,0.299999
0.699999,0.100001,0.299999
0.699999,0.100001,0.299999
0.699999,0.100001,0.299999
0.699999,0.100001,0.299999
0.699999,0.100001,0.299999
0.699999,0.100001,0.299999
0.699999,0.100001,0.299999
0.699999,0.100001,0.299999
0.699999,0.100001,0.299999
0.699999,0.100001,0.299999
0.699999,0.100001,0.299999
0.699999,0.100001,0.299999
0.699999,0.100001,0.299999
0.699999,0.100001,0.299999
0.699999,0.100001,0.299999
0.699999,0.100001,0.299999
0.699999,0.100001,0.299999
0.699999,0.100001,0.299999
0.699999,0.100001,0.299999
0.699999,0.100001,0.299999
0.699999,0.100001,0.299999
0.699999,0.100001,0.299999
0.699999,0.100001,0.299999
0.699999,0.100001,0.299999
0.699999,0.100001,0.299999
0.699999,0.100001,0.299999
0.699999,0.100001,0.299999
0.699999,0.100001,0.299999
0.699999,0.100001,0.299999
0.699999,0.100001,0.299999
0.699999,0.100001,0.299999
0.699999,0.100001,0.299999
0.699999,0.100001,0.299999
0.699999,0.100001,0.299999
0.699999,0.100001,0.299999
0.699999,0.100001,0.299999
0.699999,0.100001,0.299999
0.699999,0.100001,0.299999
0.699999,0.100001,0.299999
0.699999,0.100001,0.299999
0.699999,0.100001,0.299999
0.699999,0.100001,0.299999
0.699999,0.100001,0.299999
0.699999,0.100001,0.299999
0.699999,0.100001,0.299999
0.699999,0.100001,0.299999
0.699999,0.100001,0.299999
0.699999,0.100001,0.299999
0.699999,0.100001,0.299999
0.699999,0.100001,0.299999
0.699999,0.100001,0.299999
0.699999,0.100001,0.299999
0.699999,0.100001,0.299999
0.699999,0.100001,0.299999
0.699999,0.100001,0.299999
0.699999,0.100001,0.299999
0.699999,0.100001,0.299999
0.699999,0.100001,0.299999
0.699999,0.100001,0.299999
0.699999,0.100001,0.299999
0.699999,0.100001,0.299999
0.699999,0.100001,0.299999
0.699999,0.100001,0.299999
0.699999,0.100001,0.299999
0.699999,0.100001,0.299999
0.699999,0.100001,0.299999
0.699999,0.100001,0.299999
0.699999,0.100001,0.299999
0.699999,0.100001,0.299999
0.699999,0.100001,0.299999
0.699999,0.100001,0.299999
0.699999,0.100001,0.299999
0.699999,0.100001,0.299999
0.699999,0.100001,0.299999
0.699999,0.100001,0.299999
0.699999,0.100001,0.299999
0.699999,0.100001,0.299999
0.699999,0.100001,0.299999
0.699999,0.100001,0.299999
0.699999,0.100001,0.299999
0.699999,0.100001,0.299999
0.699999,0.100001,0.299999
0.699999,0.100001,0.299999
0.699999,0.100001,0.299999
0.699999,0.100001,0.299999
0.699999,0.100001,0.299999
0.699999,0.100001,0.299999
0.699999,0.100001,0.299999
0.699999,0.100001,0.299999
0.699999,0.100001,0.299999
0.699999,0.100001,0.299999
0.699999,0.100001,0.299999
0.699999,0.100001,0.299999
0.699999,0.100001,0.299999
0.699999,0.100001,0.299999
0.699999,0.100001,0.299999
0.699999,0.100001,0.299999
0.699999,0.100001,0.299999
0.699999,0.100001,0.299999
0.699999,0.100001,0.299999
0.699999,0.100001,0.299999
0.699999,0.100001,0.299999
0.699999,0.100001,0.299999
0.699999,0.100001,0.299999
0.699999,0.100001,0.299999
0.699999,0.100001,0.299999
0.699999,0.100001,0.299999
0.699999,0.100001,0.299999
0.699999,0.100001,0.299999
0.699999,0.100001,0.299999
0.699999,0.100001,0.299999
0.699999,0.100001,0.299999
0.699999,0.100001,0.299999
0.699999,0.100001,0.299999
0.699999,0.100001,0.299999
0.699999,0.100001,0.299999
0.699999,0.100001,0.299999
0.699999,0.100001,0.299999
0.699999,0.100001,0.299999
0.699999,0.100001,0.299999
0.699999,0.100001,0.299999
0.699999,0.100001,0.299999
0.699999,0.100001,0.299999
0.699999,0.100001,0.299999
0.699999,0.100001,0.299999
0.699999,0.100001,0.299999
0.699999,0.100001,0.299999
0.699999,0.100001,0.299999
0.699999,0.100001,0.299999
0.699999,0.100001,0.299999
0.699999,0.100001,0.299999
0.699999,0.100001,0.299999
0.699999,0.100001,0.299999
0.699999,0.100001,0.299999
0.699999,0.100001,0.299999
0.699999,0.100001,0.299999
0.699999,0.100001,0.299999
0.699999,0.100001,0.299999
0.699999,0.100001,0.299999
0.699999,0.100001,0.299999
0.699999,0.100001,0.299999
0.699999,0.100001,0.299999
0.699999,0.100001,0.299999
0.699999,0.100001,0.299999
0.699999,0.100001,0.299999
0.699999,0.100001,0.299999
0.699999,0.100001,0.299999
0.699999,0.100001,0.299999
0.699999,0.100001,0.299999
0.699999,0.100001,0.299999
0.699999,0.100001,0.299999
0.699999,0.100001,0.299999
0.699999,0.100001,0.299999
0.699999,0.100001,0.299999
0.699999,0.100001,0.299999
0.699999,0.100001,0.299999
0.699999,0.100001,0.299999
0.699999,0.100001,0.299999
0.699999,0.100001,0.299999
0.699999,0.100001,0.299999
0.699999,0.100001,0.299999
0.699999,0.100001,0.299999
0.699999,0.100001,0.299999
0.699999,0.100001,0.299999
0.699999,0.100001,0.299999
0.699999,0.100001,0.299999
0.699999,0.100001,0.299999
0.699999,0.100001,0.299999
0.699999,0.100001,0.299999
0.699999,0.100001,0.299999
0.699999,0.100001,0.299999
0.699999,0.100001,0.299999
0.699999,0.100001,0.299999
0.699999,0.100001,0.299999
0.699999,0.100001,0.299999
0.699999,0.100001,0.299999
0.699999,0.100001,0.299999
0.699999,0.100001,0.299999
0.699999,0.100001,0.299999
0.699999,0.100001,0.299999
0.699999,0.100001,0.299999
0.699999,0.100001,0.299999
0.699999,0.100001,0.299999
0.699999,0.100001,0.299999
0.699999,0.100001,0.299999
0.699999,0.100001,0.299999
0.699999,0.100001,0.299999
0.699999,0.100001,0.299999
0.699999,0.100001,0.299999
0.699999,0.100001,0.299999
0.699999,0.100001,0.299999
0.699999,0.100001,0.299999
0.699999,0.100001,0.299999
0.699999,0.100001,0.299999
0.699999,0.100001,0.299999
0.699999,0.100001,0.299999
0.699999,0.100001,0.299999
0.699999,0.100001,0.299999
0.699999,0.100001,0.299999
0.699999,0.100001,0.299999
0.699999,0.100001,0.299999
0.699999,0.100001,0.299999
0.699999,0.100001,0.299999
0.699999,0.100001,0.299999
0.699999,0.100001,0.299999
0.699999,0.100001,0.299999
0.699999,0.100001,0.299999
0.699999,0.100001,0.299999
0.699999,0.100001,0.299999
0.699999,0.100001,0.299999
0.699999,0.100001,0.299999
0.699999,0.100001,0.299999
0.699999,0.100001,0.299999
0.699999,0.100001,0.299999
0.699999,0.100001,0.299999
0.699999,0.100001,0.299999
0.699999,0.100001,0.299999
0.699999,0.100001,0.299999
0.699999,0.100001,0.299999
0.699999,0.100001,0.299999
0.699999,0.100001,0.299999
0.699999,0.100001,0.299999
0.699999,0.100001,0.299999
0.699999,0.100001,0.299999
0.699999,0.100001,0.299999
0.699999,0.100001,0.299999
0.699999,0.100001,0.299999
0.699999,0.100001,0.299999
0.699999,0.100001,0.299999
0.699999,0.100001,0.299999
0.699999,0.100001,0.299999
0.699999,0.100001,0.299999
0.699999,0.100001,0.299999
0.699999,0.100001,0.299999
0.699999,0.100001,0.299999
0.699999,0.100001,0.299999
0.699999,0.100001,0.299999
0.699999,0.100001,0.299999
0.699999,0.100001,0.299999
0.699999,0.100001,0.299999
0.699999,0.100001,0.299999
0.699999,0.100001,0.299999
0.699999,0.100001,0.299999
0.699999,0.100001,0.299999
0.699999,0.100001,0.299999
0.699999,0.100001,0.299999
0.699999,0.100001,0.299999
0.699999,0.100001,0.299999
0.699999,0.100001,0.299999
0.699999,0.100001,0.299999
0.699999,0.100001,0.299999
0.699999,0.100001,0.299999
0.699999,0.100001,0.299999
0.699999,0.100001,0.299999
0.699999,0.100001,0.299999
0.699999,0.100001,0.299999
0.699999,0.100001,0.299999
0.699999,0.100001,0.299999
0.699999,0.100001,0.299999
0.699999,0.100001,0.299999
0.699999,0.100001,0.299999
0.699999,0.100001,0.299999
0.699999,0.100001,0.299999
0.699999,0.100001,0.299999
0.699999,0.100001,0.299999
0.699999,0.100001,0.299999
0.699999,0.100001,0.299999
0.699999,0.100001,0.299999
0.699999,0.100001,0.299999
0.699999,0.100001,0.299999
0.699999,0.100001,0.299999
0.699999,0.100001,0.299999
0.699999,0.100001,0.299999
0.699999,0.100001,0.299999
0.699999,0.100001,0.299999
0.699999,0.100001,0.299999
0.699999,0.100001,0.299999
0.699999,0.100001,0.299999
0.699999,0.100001,0.299999
0.699999,0.100001,0.299999
0.699999,0.100001,0.299999
0.699999,0.100001,0.299999
0.699999,0.100001,0.299999
0.699999,0.100001,0.299999
0.699999,0.100001,0.299999
0.699999,0.100001,0.299999
0.699999,0.100001,0.299999
0.699999,0.100001,0.299999
0.699999,0.100001,0.299999
0.699999,0.100001,0.299999
0.699999,0.100001,0.299999
0.699999,0.100001,0.299999
0.699999,0.100001,0.299999
0.699999,0.100001,0.299999
0.699999,0.100001,0.299999
0.699999,0.100001,0.299999
0.699999,0.100001,0.299999
0.699999,0.100001,0.299999
0.699999,0.100001,0.299999
0.699999,0.100001,0.299999
0.699999,0.100001,0.299999
0.699999,0.100001,0.299999
0.699999,0.100001,0.299999
0.699999,0.100001,0.299999
0.699999,0.100001,0.299999
0.699999,0.100001,0.299999
0.699999,0.100001,0.299999
0.699999,0.100001,0.299999
0.699999,0.100001,0.299999
0.699999,0.100001,0.299999
0.699999,0.100001,0.299999
